V1,V2,V3
3.5,40,-146
3.51724137931034,40,-146
3.53448275862069,40,-143
3.55172413793103,40,-135
3.56896551724138,40,-132
3.58620689655172,40,-123
3.60344827586207,40,-119
3.62068965517241,40,-105
3.63793103448276,40,-93
3.6551724137931,40,-68
3.67241379310345,40,-55
3.68965517241379,40,-53
3.70689655172414,40,-54
3.72413793103448,40,-52
3.74137931034483,40,-53
3.75862068965517,40,-53
3.77586206896552,40,-53
3.79310344827586,40,-50
3.81034482758621,40,-43
3.82758620689655,40,-19
3.8448275862069,40,7
3.86206896551724,40,20
3.87931034482759,40,28
3.89655172413793,40,46
3.91379310344828,40,78
3.93103448275862,40,101
3.94827586206897,40,104
3.96551724137931,40,90
3.98275862068966,40,80
4,40,100
3.5,39.9830508474576,-143
3.51724137931034,39.9830508474576,-143
3.53448275862069,39.9830508474576,-137
3.55172413793103,39.9830508474576,-129
3.56896551724138,39.9830508474576,-125
3.58620689655172,39.9830508474576,-120
3.60344827586207,39.9830508474576,-116
3.62068965517241,39.9830508474576,-99
3.63793103448276,39.9830508474576,-83
3.6551724137931,39.9830508474576,-64
3.67241379310345,39.9830508474576,-57
3.68965517241379,39.9830508474576,-57
3.70689655172414,39.9830508474576,-55
3.72413793103448,39.9830508474576,-53
3.74137931034483,39.9830508474576,-52
3.75862068965517,39.9830508474576,-51
3.77586206896552,39.9830508474576,-51
3.79310344827586,39.9830508474576,-50
3.81034482758621,39.9830508474576,-45
3.82758620689655,39.9830508474576,-24
3.8448275862069,39.9830508474576,9
3.86206896551724,39.9830508474576,16
3.87931034482759,39.9830508474576,23
3.89655172413793,39.9830508474576,29
3.91379310344828,39.9830508474576,61
3.93103448275862,39.9830508474576,76
3.94827586206897,39.9830508474576,84
3.96551724137931,39.9830508474576,83
3.98275862068966,39.9830508474576,79
4,39.9830508474576,90
3.5,39.9661016949153,-138
3.51724137931034,39.9661016949153,-132
3.53448275862069,39.9661016949153,-126
3.55172413793103,39.9661016949153,-121
3.56896551724138,39.9661016949153,-117
3.58620689655172,39.9661016949153,-113
3.60344827586207,39.9661016949153,-107
3.62068965517241,39.9661016949153,-94
3.63793103448276,39.9661016949153,-87
3.6551724137931,39.9661016949153,-69
3.67241379310345,39.9661016949153,-59
3.68965517241379,39.9661016949153,-59
3.70689655172414,39.9661016949153,-57
3.72413793103448,39.9661016949153,-56
3.74137931034483,39.9661016949153,-55
3.75862068965517,39.9661016949153,-53
3.77586206896552,39.9661016949153,-54
3.79310344827586,39.9661016949153,-49
3.81034482758621,39.9661016949153,-47
3.82758620689655,39.9661016949153,-16
3.8448275862069,39.9661016949153,18
3.86206896551724,39.9661016949153,10
3.87931034482759,39.9661016949153,14
3.89655172413793,39.9661016949153,30
3.91379310344828,39.9661016949153,31
3.93103448275862,39.9661016949153,48
3.94827586206897,39.9661016949153,56
3.96551724137931,39.9661016949153,61
3.98275862068966,39.9661016949153,50
4,39.9661016949153,74
3.5,39.9491525423729,-129
3.51724137931034,39.9491525423729,-119
3.53448275862069,39.9491525423729,-115
3.55172413793103,39.9491525423729,-114
3.56896551724138,39.9491525423729,-110
3.58620689655172,39.9491525423729,-104
3.60344827586207,39.9491525423729,-95
3.62068965517241,39.9491525423729,-89
3.63793103448276,39.9491525423729,-89
3.6551724137931,39.9491525423729,-77
3.67241379310345,39.9491525423729,-66
3.68965517241379,39.9491525423729,-62
3.70689655172414,39.9491525423729,-59
3.72413793103448,39.9491525423729,-57
3.74137931034483,39.9491525423729,-60
3.75862068965517,39.9491525423729,-64
3.77586206896552,39.9491525423729,-64
3.79310344827586,39.9491525423729,-60
3.81034482758621,39.9491525423729,-43
3.82758620689655,39.9491525423729,-9
3.8448275862069,39.9491525423729,7
3.86206896551724,39.9491525423729,7
3.87931034482759,39.9491525423729,9
3.89655172413793,39.9491525423729,10
3.91379310344828,39.9491525423729,17
3.93103448275862,39.9491525423729,24
3.94827586206897,39.9491525423729,5
3.96551724137931,39.9491525423729,2
3.98275862068966,39.9491525423729,19
4,39.9491525423729,33
3.5,39.9322033898305,-117
3.51724137931034,39.9322033898305,-113
3.53448275862069,39.9322033898305,-111
3.55172413793103,39.9322033898305,-108
3.56896551724138,39.9322033898305,-105
3.58620689655172,39.9322033898305,-98
3.60344827586207,39.9322033898305,-94
3.62068965517241,39.9322033898305,-86
3.63793103448276,39.9322033898305,-80
3.6551724137931,39.9322033898305,-79
3.67241379310345,39.9322033898305,-78
3.68965517241379,39.9322033898305,-72
3.70689655172414,39.9322033898305,-64
3.72413793103448,39.9322033898305,-57
3.74137931034483,39.9322033898305,-61
3.75862068965517,39.9322033898305,-72
3.77586206896552,39.9322033898305,-70
3.79310344827586,39.9322033898305,-70
3.81034482758621,39.9322033898305,-46
3.82758620689655,39.9322033898305,-38
3.8448275862069,39.9322033898305,-24
3.86206896551724,39.9322033898305,-19
3.87931034482759,39.9322033898305,-10
3.89655172413793,39.9322033898305,-19
3.91379310344828,39.9322033898305,-33
3.93103448275862,39.9322033898305,-42
3.94827586206897,39.9322033898305,-41
3.96551724137931,39.9322033898305,-38
3.98275862068966,39.9322033898305,-35
4,39.9322033898305,-44
3.5,39.9152542372881,-106
3.51724137931034,39.9152542372881,-106
3.53448275862069,39.9152542372881,-105
3.55172413793103,39.9152542372881,-100
3.56896551724138,39.9152542372881,-96
3.58620689655172,39.9152542372881,-95
3.60344827586207,39.9152542372881,-94
3.62068965517241,39.9152542372881,-91
3.63793103448276,39.9152542372881,-88
3.6551724137931,39.9152542372881,-78
3.67241379310345,39.9152542372881,-73
3.68965517241379,39.9152542372881,-73
3.70689655172414,39.9152542372881,-69
3.72413793103448,39.9152542372881,-63
3.74137931034483,39.9152542372881,-58
3.75862068965517,39.9152542372881,-60
3.77586206896552,39.9152542372881,-65
3.79310344827586,39.9152542372881,-67
3.81034482758621,39.9152542372881,-68
3.82758620689655,39.9152542372881,-68
3.8448275862069,39.9152542372881,-67
3.86206896551724,39.9152542372881,-67
3.87931034482759,39.9152542372881,-68
3.89655172413793,39.9152542372881,-68
3.91379310344828,39.9152542372881,-68
3.93103448275862,39.9152542372881,-66
3.94827586206897,39.9152542372881,-64
3.96551724137931,39.9152542372881,-60
3.98275862068966,39.9152542372881,-55
4,39.9152542372881,-49
3.5,39.8983050847458,-80
3.51724137931034,39.8983050847458,-83
3.53448275862069,39.8983050847458,-85
3.55172413793103,39.8983050847458,-89
3.56896551724138,39.8983050847458,-90
3.58620689655172,39.8983050847458,-91
3.60344827586207,39.8983050847458,-90
3.62068965517241,39.8983050847458,-86
3.63793103448276,39.8983050847458,-85
3.6551724137931,39.8983050847458,-79
3.67241379310345,39.8983050847458,-75
3.68965517241379,39.8983050847458,-75
3.70689655172414,39.8983050847458,-77
3.72413793103448,39.8983050847458,-74
3.74137931034483,39.8983050847458,-64
3.75862068965517,39.8983050847458,-70
3.77586206896552,39.8983050847458,-81
3.79310344827586,39.8983050847458,-84
3.81034482758621,39.8983050847458,-78
3.82758620689655,39.8983050847458,-74
3.8448275862069,39.8983050847458,-72
3.86206896551724,39.8983050847458,-73
3.87931034482759,39.8983050847458,-78
3.89655172413793,39.8983050847458,-86
3.91379310344828,39.8983050847458,-92
3.93103448275862,39.8983050847458,-91
3.94827586206897,39.8983050847458,-87
3.96551724137931,39.8983050847458,-79
3.98275862068966,39.8983050847458,-74
4,39.8983050847458,-68
3.5,39.8813559322034,-65
3.51724137931034,39.8813559322034,-66
3.53448275862069,39.8813559322034,-68
3.55172413793103,39.8813559322034,-77
3.56896551724138,39.8813559322034,-82
3.58620689655172,39.8813559322034,-85
3.60344827586207,39.8813559322034,-83
3.62068965517241,39.8813559322034,-81
3.63793103448276,39.8813559322034,-80
3.6551724137931,39.8813559322034,-77
3.67241379310345,39.8813559322034,-75
3.68965517241379,39.8813559322034,-77
3.70689655172414,39.8813559322034,-78
3.72413793103448,39.8813559322034,-73
3.74137931034483,39.8813559322034,-64
3.75862068965517,39.8813559322034,-73
3.77586206896552,39.8813559322034,-81
3.79310344827586,39.8813559322034,-80
3.81034482758621,39.8813559322034,-84
3.82758620689655,39.8813559322034,-88
3.8448275862069,39.8813559322034,-101
3.86206896551724,39.8813559322034,-114
3.87931034482759,39.8813559322034,-135
3.89655172413793,39.8813559322034,-144
3.91379310344828,39.8813559322034,-144
3.93103448275862,39.8813559322034,-136
3.94827586206897,39.8813559322034,-126
3.96551724137931,39.8813559322034,-113
3.98275862068966,39.8813559322034,-99
4,39.8813559322034,-81
3.5,39.864406779661,-67
3.51724137931034,39.864406779661,-69
3.53448275862069,39.864406779661,-70
3.55172413793103,39.864406779661,-71
3.56896551724138,39.864406779661,-75
3.58620689655172,39.864406779661,-80
3.60344827586207,39.864406779661,-79
3.62068965517241,39.864406779661,-78
3.63793103448276,39.864406779661,-79
3.6551724137931,39.864406779661,-77
3.67241379310345,39.864406779661,-76
3.68965517241379,39.864406779661,-77
3.70689655172414,39.864406779661,-78
3.72413793103448,39.864406779661,-75
3.74137931034483,39.864406779661,-70
3.75862068965517,39.864406779661,-79
3.77586206896552,39.864406779661,-83
3.79310344827586,39.864406779661,-88
3.81034482758621,39.864406779661,-105
3.82758620689655,39.864406779661,-126
3.8448275862069,39.864406779661,-167
3.86206896551724,39.864406779661,-192
3.87931034482759,39.864406779661,-217
3.89655172413793,39.864406779661,-221
3.91379310344828,39.864406779661,-209
3.93103448275862,39.864406779661,-185
3.94827586206897,39.864406779661,-168
3.96551724137931,39.864406779661,-157
3.98275862068966,39.864406779661,-117
4,39.864406779661,-111
3.5,39.8474576271186,-62
3.51724137931034,39.8474576271186,-64
3.53448275862069,39.8474576271186,-65
3.55172413793103,39.8474576271186,-69
3.56896551724138,39.8474576271186,-71
3.58620689655172,39.8474576271186,-76
3.60344827586207,39.8474576271186,-77
3.62068965517241,39.8474576271186,-77
3.63793103448276,39.8474576271186,-77
3.6551724137931,39.8474576271186,-77
3.67241379310345,39.8474576271186,-76
3.68965517241379,39.8474576271186,-77
3.70689655172414,39.8474576271186,-78
3.72413793103448,39.8474576271186,-74
3.74137931034483,39.8474576271186,-74
3.75862068965517,39.8474576271186,-92
3.77586206896552,39.8474576271186,-131
3.79310344827586,39.8474576271186,-144
3.81034482758621,39.8474576271186,-175
3.82758620689655,39.8474576271186,-190
3.8448275862069,39.8474576271186,-229
3.86206896551724,39.8474576271186,-251
3.87931034482759,39.8474576271186,-265
3.89655172413793,39.8474576271186,-255
3.91379310344828,39.8474576271186,-240
3.93103448275862,39.8474576271186,-219
3.94827586206897,39.8474576271186,-199
3.96551724137931,39.8474576271186,-180
3.98275862068966,39.8474576271186,-156
4,39.8474576271186,-185
3.5,39.8305084745763,-55
3.51724137931034,39.8305084745763,-57
3.53448275862069,39.8305084745763,-58
3.55172413793103,39.8305084745763,-63
3.56896551724138,39.8305084745763,-67
3.58620689655172,39.8305084745763,-72
3.60344827586207,39.8305084745763,-74
3.62068965517241,39.8305084745763,-74
3.63793103448276,39.8305084745763,-74
3.6551724137931,39.8305084745763,-75
3.67241379310345,39.8305084745763,-76
3.68965517241379,39.8305084745763,-74
3.70689655172414,39.8305084745763,-77
3.72413793103448,39.8305084745763,-83
3.74137931034483,39.8305084745763,-80
3.75862068965517,39.8305084745763,-139
3.77586206896552,39.8305084745763,-239
3.79310344827586,39.8305084745763,-252
3.81034482758621,39.8305084745763,-272
3.82758620689655,39.8305084745763,-285
3.8448275862069,39.8305084745763,-311
3.86206896551724,39.8305084745763,-337
3.87931034482759,39.8305084745763,-347
3.89655172413793,39.8305084745763,-352
3.91379310344828,39.8305084745763,-354
3.93103448275862,39.8305084745763,-343
3.94827586206897,39.8305084745763,-286
3.96551724137931,39.8305084745763,-261
3.98275862068966,39.8305084745763,-264
4,39.8305084745763,-409
3.5,39.8135593220339,-53
3.51724137931034,39.8135593220339,-54
3.53448275862069,39.8135593220339,-55
3.55172413793103,39.8135593220339,-59
3.56896551724138,39.8135593220339,-63
3.58620689655172,39.8135593220339,-69
3.60344827586207,39.8135593220339,-71
3.62068965517241,39.8135593220339,-72
3.63793103448276,39.8135593220339,-72
3.6551724137931,39.8135593220339,-74
3.67241379310345,39.8135593220339,-74
3.68965517241379,39.8135593220339,-72
3.70689655172414,39.8135593220339,-77
3.72413793103448,39.8135593220339,-92
3.74137931034483,39.8135593220339,-107
3.75862068965517,39.8135593220339,-162
3.77586206896552,39.8135593220339,-311
3.79310344827586,39.8135593220339,-312
3.81034482758621,39.8135593220339,-380
3.82758620689655,39.8135593220339,-467
3.8448275862069,39.8135593220339,-522
3.86206896551724,39.8135593220339,-536
3.87931034482759,39.8135593220339,-575
3.89655172413793,39.8135593220339,-612
3.91379310344828,39.8135593220339,-613
3.93103448275862,39.8135593220339,-540
3.94827586206897,39.8135593220339,-441
3.96551724137931,39.8135593220339,-463
3.98275862068966,39.8135593220339,-555
4,39.8135593220339,-730
3.5,39.7966101694915,-56
3.51724137931034,39.7966101694915,-55
3.53448275862069,39.7966101694915,-55
3.55172413793103,39.7966101694915,-60
3.56896551724138,39.7966101694915,-61
3.58620689655172,39.7966101694915,-65
3.60344827586207,39.7966101694915,-67
3.62068965517241,39.7966101694915,-69
3.63793103448276,39.7966101694915,-69
3.6551724137931,39.7966101694915,-72
3.67241379310345,39.7966101694915,-73
3.68965517241379,39.7966101694915,-73
3.70689655172414,39.7966101694915,-79
3.72413793103448,39.7966101694915,-96
3.74137931034483,39.7966101694915,-122
3.75862068965517,39.7966101694915,-252
3.77586206896552,39.7966101694915,-408
3.79310344827586,39.7966101694915,-471
3.81034482758621,39.7966101694915,-497
3.82758620689655,39.7966101694915,-525
3.8448275862069,39.7966101694915,-565
3.86206896551724,39.7966101694915,-568
3.87931034482759,39.7966101694915,-579
3.89655172413793,39.7966101694915,-630
3.91379310344828,39.7966101694915,-655
3.93103448275862,39.7966101694915,-562
3.94827586206897,39.7966101694915,-438
3.96551724137931,39.7966101694915,-426
3.98275862068966,39.7966101694915,-568
4,39.7966101694915,-801
3.5,39.7796610169492,-56
3.51724137931034,39.7796610169492,-56
3.53448275862069,39.7796610169492,-56
3.55172413793103,39.7796610169492,-59
3.56896551724138,39.7796610169492,-60
3.58620689655172,39.7796610169492,-62
3.60344827586207,39.7796610169492,-65
3.62068965517241,39.7796610169492,-66
3.63793103448276,39.7796610169492,-67
3.6551724137931,39.7796610169492,-71
3.67241379310345,39.7796610169492,-74
3.68965517241379,39.7796610169492,-76
3.70689655172414,39.7796610169492,-87
3.72413793103448,39.7796610169492,-115
3.74137931034483,39.7796610169492,-171
3.75862068965517,39.7796610169492,-302
3.77586206896552,39.7796610169492,-376
3.79310344827586,39.7796610169492,-450
3.81034482758621,39.7796610169492,-486
3.82758620689655,39.7796610169492,-517
3.8448275862069,39.7796610169492,-640
3.86206896551724,39.7796610169492,-669
3.87931034482759,39.7796610169492,-694
3.89655172413793,39.7796610169492,-713
3.91379310344828,39.7796610169492,-700
3.93103448275862,39.7796610169492,-625
3.94827586206897,39.7796610169492,-562
3.96551724137931,39.7796610169492,-530
3.98275862068966,39.7796610169492,-606
4,39.7796610169492,-813
3.5,39.7627118644068,-52
3.51724137931034,39.7627118644068,-54
3.53448275862069,39.7627118644068,-56
3.55172413793103,39.7627118644068,-59
3.56896551724138,39.7627118644068,-58
3.58620689655172,39.7627118644068,-62
3.60344827586207,39.7627118644068,-65
3.62068965517241,39.7627118644068,-68
3.63793103448276,39.7627118644068,-69
3.6551724137931,39.7627118644068,-76
3.67241379310345,39.7627118644068,-80
3.68965517241379,39.7627118644068,-80
3.70689655172414,39.7627118644068,-92
3.72413793103448,39.7627118644068,-120
3.74137931034483,39.7627118644068,-175
3.75862068965517,39.7627118644068,-316
3.77586206896552,39.7627118644068,-420
3.79310344827586,39.7627118644068,-477
3.81034482758621,39.7627118644068,-537
3.82758620689655,39.7627118644068,-560
3.8448275862069,39.7627118644068,-623
3.86206896551724,39.7627118644068,-684
3.87931034482759,39.7627118644068,-771
3.89655172413793,39.7627118644068,-789
3.91379310344828,39.7627118644068,-754
3.93103448275862,39.7627118644068,-693
3.94827586206897,39.7627118644068,-621
3.96551724137931,39.7627118644068,-588
3.98275862068966,39.7627118644068,-635
4,39.7627118644068,-846
3.5,39.7457627118644,-48
3.51724137931034,39.7457627118644,-54
3.53448275862069,39.7457627118644,-56
3.55172413793103,39.7457627118644,-57
3.56896551724138,39.7457627118644,-59
3.58620689655172,39.7457627118644,-65
3.60344827586207,39.7457627118644,-68
3.62068965517241,39.7457627118644,-73
3.63793103448276,39.7457627118644,-76
3.6551724137931,39.7457627118644,-80
3.67241379310345,39.7457627118644,-81
3.68965517241379,39.7457627118644,-80
3.70689655172414,39.7457627118644,-87
3.72413793103448,39.7457627118644,-99
3.74137931034483,39.7457627118644,-105
3.75862068965517,39.7457627118644,-206
3.77586206896552,39.7457627118644,-318
3.79310344827586,39.7457627118644,-385
3.81034482758621,39.7457627118644,-594
3.82758620689655,39.7457627118644,-684
3.8448275862069,39.7457627118644,-725
3.86206896551724,39.7457627118644,-726
3.87931034482759,39.7457627118644,-756
3.89655172413793,39.7457627118644,-787
3.91379310344828,39.7457627118644,-829
3.93103448275862,39.7457627118644,-838
3.94827586206897,39.7457627118644,-790
3.96551724137931,39.7457627118644,-791
3.98275862068966,39.7457627118644,-822
4,39.7457627118644,-869
3.5,39.728813559322,-44
3.51724137931034,39.728813559322,-53
3.53448275862069,39.728813559322,-55
3.55172413793103,39.728813559322,-58
3.56896551724138,39.728813559322,-61
3.58620689655172,39.728813559322,-70
3.60344827586207,39.728813559322,-72
3.62068965517241,39.728813559322,-75
3.63793103448276,39.728813559322,-78
3.6551724137931,39.728813559322,-81
3.67241379310345,39.728813559322,-82
3.68965517241379,39.728813559322,-85
3.70689655172414,39.728813559322,-90
3.72413793103448,39.728813559322,-86
3.74137931034483,39.728813559322,-79
3.75862068965517,39.728813559322,-108
3.77586206896552,39.728813559322,-205
3.79310344827586,39.728813559322,-259
3.81034482758621,39.728813559322,-391
3.82758620689655,39.728813559322,-565
3.8448275862069,39.728813559322,-777
3.86206896551724,39.728813559322,-882
3.87931034482759,39.728813559322,-826
3.89655172413793,39.728813559322,-786
3.91379310344828,39.728813559322,-950
3.93103448275862,39.728813559322,-916
3.94827586206897,39.728813559322,-849
3.96551724137931,39.728813559322,-929
3.98275862068966,39.728813559322,-921
4,39.728813559322,-957
3.5,39.7118644067797,-43
3.51724137931034,39.7118644067797,-53
3.53448275862069,39.7118644067797,-56
3.55172413793103,39.7118644067797,-60
3.56896551724138,39.7118644067797,-64
3.58620689655172,39.7118644067797,-73
3.60344827586207,39.7118644067797,-74
3.62068965517241,39.7118644067797,-76
3.63793103448276,39.7118644067797,-77
3.6551724137931,39.7118644067797,-84
3.67241379310345,39.7118644067797,-89
3.68965517241379,39.7118644067797,-92
3.70689655172414,39.7118644067797,-96
3.72413793103448,39.7118644067797,-96
3.74137931034483,39.7118644067797,-96
3.75862068965517,39.7118644067797,-100
3.77586206896552,39.7118644067797,-210
3.79310344827586,39.7118644067797,-251
3.81034482758621,39.7118644067797,-291
3.82758620689655,39.7118644067797,-338
3.8448275862069,39.7118644067797,-609
3.86206896551724,39.7118644067797,-740
3.87931034482759,39.7118644067797,-1035
3.89655172413793,39.7118644067797,-1037
3.91379310344828,39.7118644067797,-917
3.93103448275862,39.7118644067797,-1040
3.94827586206897,39.7118644067797,-989
3.96551724137931,39.7118644067797,-1010
3.98275862068966,39.7118644067797,-957
4,39.7118644067797,-976
3.5,39.6949152542373,-43
3.51724137931034,39.6949152542373,-54
3.53448275862069,39.6949152542373,-57
3.55172413793103,39.6949152542373,-61
3.56896551724138,39.6949152542373,-67
3.58620689655172,39.6949152542373,-72
3.60344827586207,39.6949152542373,-74
3.62068965517241,39.6949152542373,-78
3.63793103448276,39.6949152542373,-82
3.6551724137931,39.6949152542373,-84
3.67241379310345,39.6949152542373,-87
3.68965517241379,39.6949152542373,-93
3.70689655172414,39.6949152542373,-100
3.72413793103448,39.6949152542373,-97
3.74137931034483,39.6949152542373,-92
3.75862068965517,39.6949152542373,-96
3.77586206896552,39.6949152542373,-243
3.79310344827586,39.6949152542373,-257
3.81034482758621,39.6949152542373,-292
3.82758620689655,39.6949152542373,-309
3.8448275862069,39.6949152542373,-371
3.86206896551724,39.6949152542373,-538
3.87931034482759,39.6949152542373,-872
3.89655172413793,39.6949152542373,-1035
3.91379310344828,39.6949152542373,-1107
3.93103448275862,39.6949152542373,-1088
3.94827586206897,39.6949152542373,-1160
3.96551724137931,39.6949152542373,-1134
3.98275862068966,39.6949152542373,-1036
4,39.6949152542373,-1026
3.5,39.6779661016949,-45
3.51724137931034,39.6779661016949,-54
3.53448275862069,39.6779661016949,-57
3.55172413793103,39.6779661016949,-63
3.56896551724138,39.6779661016949,-69
3.58620689655172,39.6779661016949,-71
3.60344827586207,39.6779661016949,-74
3.62068965517241,39.6779661016949,-80
3.63793103448276,39.6779661016949,-84
3.6551724137931,39.6779661016949,-78
3.67241379310345,39.6779661016949,-97
3.68965517241379,39.6779661016949,-104
3.70689655172414,39.6779661016949,-112
3.72413793103448,39.6779661016949,-109
3.74137931034483,39.6779661016949,-103
3.75862068965517,39.6779661016949,-155
3.77586206896552,39.6779661016949,-255
3.79310344827586,39.6779661016949,-272
3.81034482758621,39.6779661016949,-322
3.82758620689655,39.6779661016949,-356
3.8448275862069,39.6779661016949,-429
3.86206896551724,39.6779661016949,-515
3.87931034482759,39.6779661016949,-831
3.89655172413793,39.6779661016949,-967
3.91379310344828,39.6779661016949,-1079
3.93103448275862,39.6779661016949,-1183
3.94827586206897,39.6779661016949,-1234
3.96551724137931,39.6779661016949,-1200
3.98275862068966,39.6779661016949,-1146
4,39.6779661016949,-1056
3.5,39.6610169491525,-47
3.51724137931034,39.6610169491525,-54
3.53448275862069,39.6610169491525,-58
3.55172413793103,39.6610169491525,-68
3.56896551724138,39.6610169491525,-67
3.58620689655172,39.6610169491525,-72
3.60344827586207,39.6610169491525,-76
3.62068965517241,39.6610169491525,-83
3.63793103448276,39.6610169491525,-81
3.6551724137931,39.6610169491525,-99
3.67241379310345,39.6610169491525,-112
3.68965517241379,39.6610169491525,-162
3.70689655172414,39.6610169491525,-201
3.72413793103448,39.6610169491525,-235
3.74137931034483,39.6610169491525,-250
3.75862068965517,39.6610169491525,-429
3.77586206896552,39.6610169491525,-426
3.79310344827586,39.6610169491525,-440
3.81034482758621,39.6610169491525,-535
3.82758620689655,39.6610169491525,-595
3.8448275862069,39.6610169491525,-745
3.86206896551724,39.6610169491525,-770
3.87931034482759,39.6610169491525,-952
3.89655172413793,39.6610169491525,-1012
3.91379310344828,39.6610169491525,-1056
3.93103448275862,39.6610169491525,-1032
3.94827586206897,39.6610169491525,-1204
3.96551724137931,39.6610169491525,-1251
3.98275862068966,39.6610169491525,-1199
4,39.6610169491525,-1069
3.5,39.6440677966102,-47
3.51724137931034,39.6440677966102,-55
3.53448275862069,39.6440677966102,-61
3.55172413793103,39.6440677966102,-71
3.56896551724138,39.6440677966102,-70
3.58620689655172,39.6440677966102,-76
3.60344827586207,39.6440677966102,-77
3.62068965517241,39.6440677966102,-87
3.63793103448276,39.6440677966102,-96
3.6551724137931,39.6440677966102,-107
3.67241379310345,39.6440677966102,-139
3.68965517241379,39.6440677966102,-278
3.70689655172414,39.6440677966102,-402
3.72413793103448,39.6440677966102,-505
3.74137931034483,39.6440677966102,-599
3.75862068965517,39.6440677966102,-712
3.77586206896552,39.6440677966102,-785
3.79310344827586,39.6440677966102,-807
3.81034482758621,39.6440677966102,-854
3.82758620689655,39.6440677966102,-893
3.8448275862069,39.6440677966102,-915
3.86206896551724,39.6440677966102,-1026
3.87931034482759,39.6440677966102,-1066
3.89655172413793,39.6440677966102,-1141
3.91379310344828,39.6440677966102,-1190
3.93103448275862,39.6440677966102,-1169
3.94827586206897,39.6440677966102,-1216
3.96551724137931,39.6440677966102,-1337
3.98275862068966,39.6440677966102,-1265
4,39.6440677966102,-1136
3.5,39.6271186440678,-52
3.51724137931034,39.6271186440678,-59
3.53448275862069,39.6271186440678,-65
3.55172413793103,39.6271186440678,-71
3.56896551724138,39.6271186440678,-76
3.58620689655172,39.6271186440678,-76
3.60344827586207,39.6271186440678,-85
3.62068965517241,39.6271186440678,-85
3.63793103448276,39.6271186440678,-95
3.6551724137931,39.6271186440678,-239
3.67241379310345,39.6271186440678,-352
3.68965517241379,39.6271186440678,-449
3.70689655172414,39.6271186440678,-582
3.72413793103448,39.6271186440678,-687
3.74137931034483,39.6271186440678,-764
3.75862068965517,39.6271186440678,-772
3.77586206896552,39.6271186440678,-879
3.79310344827586,39.6271186440678,-970
3.81034482758621,39.6271186440678,-1014
3.82758620689655,39.6271186440678,-1051
3.8448275862069,39.6271186440678,-1092
3.86206896551724,39.6271186440678,-1173
3.87931034482759,39.6271186440678,-1242
3.89655172413793,39.6271186440678,-1249
3.91379310344828,39.6271186440678,-1246
3.93103448275862,39.6271186440678,-1209
3.94827586206897,39.6271186440678,-1242
3.96551724137931,39.6271186440678,-1369
3.98275862068966,39.6271186440678,-1341
4,39.6271186440678,-1223
3.5,39.6101694915254,-61
3.51724137931034,39.6101694915254,-67
3.53448275862069,39.6101694915254,-71
3.55172413793103,39.6101694915254,-75
3.56896551724138,39.6101694915254,-76
3.58620689655172,39.6101694915254,-83
3.60344827586207,39.6101694915254,-83
3.62068965517241,39.6101694915254,-92
3.63793103448276,39.6101694915254,-107
3.6551724137931,39.6101694915254,-315
3.67241379310345,39.6101694915254,-487
3.68965517241379,39.6101694915254,-563
3.70689655172414,39.6101694915254,-699
3.72413793103448,39.6101694915254,-763
3.74137931034483,39.6101694915254,-862
3.75862068965517,39.6101694915254,-855
3.77586206896552,39.6101694915254,-940
3.79310344827586,39.6101694915254,-986
3.81034482758621,39.6101694915254,-1054
3.82758620689655,39.6101694915254,-1166
3.8448275862069,39.6101694915254,-1300
3.86206896551724,39.6101694915254,-1291
3.87931034482759,39.6101694915254,-1296
3.89655172413793,39.6101694915254,-1320
3.91379310344828,39.6101694915254,-1301
3.93103448275862,39.6101694915254,-1257
3.94827586206897,39.6101694915254,-1304
3.96551724137931,39.6101694915254,-1413
3.98275862068966,39.6101694915254,-1372
4,39.6101694915254,-1263
3.5,39.5932203389831,-66
3.51724137931034,39.5932203389831,-72
3.53448275862069,39.5932203389831,-74
3.55172413793103,39.5932203389831,-78
3.56896551724138,39.5932203389831,-76
3.58620689655172,39.5932203389831,-88
3.60344827586207,39.5932203389831,-87
3.62068965517241,39.5932203389831,-101
3.63793103448276,39.5932203389831,-124
3.6551724137931,39.5932203389831,-392
3.67241379310345,39.5932203389831,-538
3.68965517241379,39.5932203389831,-631
3.70689655172414,39.5932203389831,-670
3.72413793103448,39.5932203389831,-755
3.74137931034483,39.5932203389831,-901
3.75862068965517,39.5932203389831,-1088
3.77586206896552,39.5932203389831,-962
3.79310344827586,39.5932203389831,-1010
3.81034482758621,39.5932203389831,-1234
3.82758620689655,39.5932203389831,-1254
3.8448275862069,39.5932203389831,-1302
3.86206896551724,39.5932203389831,-1319
3.87931034482759,39.5932203389831,-1356
3.89655172413793,39.5932203389831,-1356
3.91379310344828,39.5932203389831,-1331
3.93103448275862,39.5932203389831,-1332
3.94827586206897,39.5932203389831,-1389
3.96551724137931,39.5932203389831,-1448
3.98275862068966,39.5932203389831,-1431
4,39.5932203389831,-1323
3.5,39.5762711864407,-66
3.51724137931034,39.5762711864407,-73
3.53448275862069,39.5762711864407,-76
3.55172413793103,39.5762711864407,-82
3.56896551724138,39.5762711864407,-74
3.58620689655172,39.5762711864407,-97
3.60344827586207,39.5762711864407,-80
3.62068965517241,39.5762711864407,-99
3.63793103448276,39.5762711864407,-110
3.6551724137931,39.5762711864407,-404
3.67241379310345,39.5762711864407,-496
3.68965517241379,39.5762711864407,-604
3.70689655172414,39.5762711864407,-689
3.72413793103448,39.5762711864407,-869
3.74137931034483,39.5762711864407,-952
3.75862068965517,39.5762711864407,-1074
3.77586206896552,39.5762711864407,-1318
3.79310344827586,39.5762711864407,-1197
3.81034482758621,39.5762711864407,-1234
3.82758620689655,39.5762711864407,-1270
3.8448275862069,39.5762711864407,-1315
3.86206896551724,39.5762711864407,-1332
3.87931034482759,39.5762711864407,-1369
3.89655172413793,39.5762711864407,-1398
3.91379310344828,39.5762711864407,-1376
3.93103448275862,39.5762711864407,-1392
3.94827586206897,39.5762711864407,-1444
3.96551724137931,39.5762711864407,-1479
3.98275862068966,39.5762711864407,-1430
4,39.5762711864407,-1384
3.5,39.5593220338983,-70
3.51724137931034,39.5593220338983,-75
3.53448275862069,39.5593220338983,-76
3.55172413793103,39.5593220338983,-81
3.56896551724138,39.5593220338983,-78
3.58620689655172,39.5593220338983,-98
3.60344827586207,39.5593220338983,-92
3.62068965517241,39.5593220338983,-150
3.63793103448276,39.5593220338983,-307
3.6551724137931,39.5593220338983,-489
3.67241379310345,39.5593220338983,-561
3.68965517241379,39.5593220338983,-638
3.70689655172414,39.5593220338983,-689
3.72413793103448,39.5593220338983,-815
3.74137931034483,39.5593220338983,-1072
3.75862068965517,39.5593220338983,-1167
3.77586206896552,39.5593220338983,-1307
3.79310344827586,39.5593220338983,-1415
3.81034482758621,39.5593220338983,-1333
3.82758620689655,39.5593220338983,-1330
3.8448275862069,39.5593220338983,-1329
3.86206896551724,39.5593220338983,-1346
3.87931034482759,39.5593220338983,-1385
3.89655172413793,39.5593220338983,-1421
3.91379310344828,39.5593220338983,-1435
3.93103448275862,39.5593220338983,-1453
3.94827586206897,39.5593220338983,-1513
3.96551724137931,39.5593220338983,-1470
3.98275862068966,39.5593220338983,-1446
4,39.5593220338983,-1447
3.5,39.5423728813559,-74
3.51724137931034,39.5423728813559,-76
3.53448275862069,39.5423728813559,-77
3.55172413793103,39.5423728813559,-77
3.56896551724138,39.5423728813559,-93
3.58620689655172,39.5423728813559,-89
3.60344827586207,39.5423728813559,-112
3.62068965517241,39.5423728813559,-294
3.63793103448276,39.5423728813559,-385
3.6551724137931,39.5423728813559,-543
3.67241379310345,39.5423728813559,-660
3.68965517241379,39.5423728813559,-785
3.70689655172414,39.5423728813559,-839
3.72413793103448,39.5423728813559,-915
3.74137931034483,39.5423728813559,-1065
3.75862068965517,39.5423728813559,-1121
3.77586206896552,39.5423728813559,-1267
3.79310344827586,39.5423728813559,-1409
3.81034482758621,39.5423728813559,-1429
3.82758620689655,39.5423728813559,-1412
3.8448275862069,39.5423728813559,-1398
3.86206896551724,39.5423728813559,-1393
3.87931034482759,39.5423728813559,-1418
3.89655172413793,39.5423728813559,-1441
3.91379310344828,39.5423728813559,-1474
3.93103448275862,39.5423728813559,-1502
3.94827586206897,39.5423728813559,-1560
3.96551724137931,39.5423728813559,-1476
3.98275862068966,39.5423728813559,-1474
4,39.5423728813559,-1504
3.5,39.5254237288136,-75
3.51724137931034,39.5254237288136,-76
3.53448275862069,39.5254237288136,-78
3.55172413793103,39.5254237288136,-83
3.56896551724138,39.5254237288136,-95
3.58620689655172,39.5254237288136,-118
3.60344827586207,39.5254237288136,-187
3.62068965517241,39.5254237288136,-447
3.63793103448276,39.5254237288136,-561
3.6551724137931,39.5254237288136,-753
3.67241379310345,39.5254237288136,-829
3.68965517241379,39.5254237288136,-942
3.70689655172414,39.5254237288136,-1084
3.72413793103448,39.5254237288136,-1071
3.74137931034483,39.5254237288136,-1133
3.75862068965517,39.5254237288136,-1220
3.77586206896552,39.5254237288136,-1273
3.79310344827586,39.5254237288136,-1308
3.81034482758621,39.5254237288136,-1451
3.82758620689655,39.5254237288136,-1488
3.8448275862069,39.5254237288136,-1487
3.86206896551724,39.5254237288136,-1475
3.87931034482759,39.5254237288136,-1460
3.89655172413793,39.5254237288136,-1468
3.91379310344828,39.5254237288136,-1506
3.93103448275862,39.5254237288136,-1540
3.94827586206897,39.5254237288136,-1583
3.96551724137931,39.5254237288136,-1524
3.98275862068966,39.5254237288136,-1530
4,39.5254237288136,-1546
3.5,39.5084745762712,-76
3.51724137931034,39.5084745762712,-77
3.53448275862069,39.5084745762712,-80
3.55172413793103,39.5084745762712,-90
3.56896551724138,39.5084745762712,-97
3.58620689655172,39.5084745762712,-204
3.60344827586207,39.5084745762712,-401
3.62068965517241,39.5084745762712,-663
3.63793103448276,39.5084745762712,-724
3.6551724137931,39.5084745762712,-944
3.67241379310345,39.5084745762712,-1003
3.68965517241379,39.5084745762712,-1040
3.70689655172414,39.5084745762712,-1296
3.72413793103448,39.5084745762712,-1281
3.74137931034483,39.5084745762712,-1250
3.75862068965517,39.5084745762712,-1276
3.77586206896552,39.5084745762712,-1319
3.79310344827586,39.5084745762712,-1352
3.81034482758621,39.5084745762712,-1434
3.82758620689655,39.5084745762712,-1492
3.8448275862069,39.5084745762712,-1554
3.86206896551724,39.5084745762712,-1549
3.87931034482759,39.5084745762712,-1511
3.89655172413793,39.5084745762712,-1505
3.91379310344828,39.5084745762712,-1536
3.93103448275862,39.5084745762712,-1579
3.94827586206897,39.5084745762712,-1603
3.96551724137931,39.5084745762712,-1599
3.98275862068966,39.5084745762712,-1594
4,39.5084745762712,-1576
3.5,39.4915254237288,-77
3.51724137931034,39.4915254237288,-80
3.53448275862069,39.4915254237288,-81
3.55172413793103,39.4915254237288,-109
3.56896551724138,39.4915254237288,-178
3.58620689655172,39.4915254237288,-399
3.60344827586207,39.4915254237288,-494
3.62068965517241,39.4915254237288,-837
3.63793103448276,39.4915254237288,-1007
3.6551724137931,39.4915254237288,-980
3.67241379310345,39.4915254237288,-1231
3.68965517241379,39.4915254237288,-1247
3.70689655172414,39.4915254237288,-1236
3.72413793103448,39.4915254237288,-1406
3.74137931034483,39.4915254237288,-1317
3.75862068965517,39.4915254237288,-1381
3.77586206896552,39.4915254237288,-1383
3.79310344827586,39.4915254237288,-1400
3.81034482758621,39.4915254237288,-1479
3.82758620689655,39.4915254237288,-1514
3.8448275862069,39.4915254237288,-1562
3.86206896551724,39.4915254237288,-1579
3.87931034482759,39.4915254237288,-1578
3.89655172413793,39.4915254237288,-1570
3.91379310344828,39.4915254237288,-1585
3.93103448275862,39.4915254237288,-1610
3.94827586206897,39.4915254237288,-1618
3.96551724137931,39.4915254237288,-1630
3.98275862068966,39.4915254237288,-1638
4,39.4915254237288,-1611
3.5,39.4745762711864,-77
3.51724137931034,39.4745762711864,-81
3.53448275862069,39.4745762711864,-89
3.55172413793103,39.4745762711864,-228
3.56896551724138,39.4745762711864,-414
3.58620689655172,39.4745762711864,-628
3.60344827586207,39.4745762711864,-700
3.62068965517241,39.4745762711864,-810
3.63793103448276,39.4745762711864,-997
3.6551724137931,39.4745762711864,-1258
3.67241379310345,39.4745762711864,-1194
3.68965517241379,39.4745762711864,-1388
3.70689655172414,39.4745762711864,-1357
3.72413793103448,39.4745762711864,-1385
3.74137931034483,39.4745762711864,-1497
3.75862068965517,39.4745762711864,-1490
3.77586206896552,39.4745762711864,-1495
3.79310344827586,39.4745762711864,-1501
3.81034482758621,39.4745762711864,-1517
3.82758620689655,39.4745762711864,-1528
3.8448275862069,39.4745762711864,-1569
3.86206896551724,39.4745762711864,-1596
3.87931034482759,39.4745762711864,-1626
3.89655172413793,39.4745762711864,-1628
3.91379310344828,39.4745762711864,-1632
3.93103448275862,39.4745762711864,-1642
3.94827586206897,39.4745762711864,-1632
3.96551724137931,39.4745762711864,-1622
3.98275862068966,39.4745762711864,-1654
4,39.4745762711864,-1641
3.5,39.4576271186441,-79
3.51724137931034,39.4576271186441,-95
3.53448275862069,39.4576271186441,-135
3.55172413793103,39.4576271186441,-434
3.56896551724138,39.4576271186441,-606
3.58620689655172,39.4576271186441,-794
3.60344827586207,39.4576271186441,-872
3.62068965517241,39.4576271186441,-938
3.63793103448276,39.4576271186441,-1037
3.6551724137931,39.4576271186441,-1318
3.67241379310345,39.4576271186441,-1281
3.68965517241379,39.4576271186441,-1432
3.70689655172414,39.4576271186441,-1422
3.72413793103448,39.4576271186441,-1429
3.74137931034483,39.4576271186441,-1505
3.75862068965517,39.4576271186441,-1559
3.77586206896552,39.4576271186441,-1575
3.79310344827586,39.4576271186441,-1567
3.81034482758621,39.4576271186441,-1550
3.82758620689655,39.4576271186441,-1547
3.8448275862069,39.4576271186441,-1556
3.86206896551724,39.4576271186441,-1591
3.87931034482759,39.4576271186441,-1653
3.89655172413793,39.4576271186441,-1674
3.91379310344828,39.4576271186441,-1672
3.93103448275862,39.4576271186441,-1690
3.94827586206897,39.4576271186441,-1671
3.96551724137931,39.4576271186441,-1635
3.98275862068966,39.4576271186441,-1668
4,39.4576271186441,-1722
3.5,39.4406779661017,-95
3.51724137931034,39.4406779661017,-179
3.53448275862069,39.4406779661017,-349
3.55172413793103,39.4406779661017,-544
3.56896551724138,39.4406779661017,-655
3.58620689655172,39.4406779661017,-906
3.60344827586207,39.4406779661017,-1044
3.62068965517241,39.4406779661017,-1275
3.63793103448276,39.4406779661017,-1310
3.6551724137931,39.4406779661017,-1312
3.67241379310345,39.4406779661017,-1493
3.68965517241379,39.4406779661017,-1483
3.70689655172414,39.4406779661017,-1507
3.72413793103448,39.4406779661017,-1511
3.74137931034483,39.4406779661017,-1562
3.75862068965517,39.4406779661017,-1598
3.77586206896552,39.4406779661017,-1613
3.79310344827586,39.4406779661017,-1602
3.81034482758621,39.4406779661017,-1592
3.82758620689655,39.4406779661017,-1592
3.8448275862069,39.4406779661017,-1598
3.86206896551724,39.4406779661017,-1608
3.87931034482759,39.4406779661017,-1655
3.89655172413793,39.4406779661017,-1697
3.91379310344828,39.4406779661017,-1711
3.93103448275862,39.4406779661017,-1729
3.94827586206897,39.4406779661017,-1712
3.96551724137931,39.4406779661017,-1669
3.98275862068966,39.4406779661017,-1694
4,39.4406779661017,-1736
3.5,39.4237288135593,-343
3.51724137931034,39.4237288135593,-417
3.53448275862069,39.4237288135593,-493
3.55172413793103,39.4237288135593,-739
3.56896551724138,39.4237288135593,-755
3.58620689655172,39.4237288135593,-946
3.60344827586207,39.4237288135593,-1109
3.62068965517241,39.4237288135593,-1313
3.63793103448276,39.4237288135593,-1398
3.6551724137931,39.4237288135593,-1450
3.67241379310345,39.4237288135593,-1491
3.68965517241379,39.4237288135593,-1560
3.70689655172414,39.4237288135593,-1586
3.72413793103448,39.4237288135593,-1585
3.74137931034483,39.4237288135593,-1571
3.75862068965517,39.4237288135593,-1599
3.77586206896552,39.4237288135593,-1621
3.79310344827586,39.4237288135593,-1623
3.81034482758621,39.4237288135593,-1620
3.82758620689655,39.4237288135593,-1632
3.8448275862069,39.4237288135593,-1656
3.86206896551724,39.4237288135593,-1664
3.87931034482759,39.4237288135593,-1683
3.89655172413793,39.4237288135593,-1712
3.91379310344828,39.4237288135593,-1737
3.93103448275862,39.4237288135593,-1749
3.94827586206897,39.4237288135593,-1731
3.96551724137931,39.4237288135593,-1702
3.98275862068966,39.4237288135593,-1697
4,39.4237288135593,-1727
3.5,39.4067796610169,-417
3.51724137931034,39.4067796610169,-638
3.53448275862069,39.4067796610169,-661
3.55172413793103,39.4067796610169,-791
3.56896551724138,39.4067796610169,-900
3.58620689655172,39.4067796610169,-1026
3.60344827586207,39.4067796610169,-998
3.62068965517241,39.4067796610169,-1195
3.63793103448276,39.4067796610169,-1281
3.6551724137931,39.4067796610169,-1446
3.67241379310345,39.4067796610169,-1550
3.68965517241379,39.4067796610169,-1603
3.70689655172414,39.4067796610169,-1659
3.72413793103448,39.4067796610169,-1639
3.74137931034483,39.4067796610169,-1604
3.75862068965517,39.4067796610169,-1602
3.77586206896552,39.4067796610169,-1624
3.79310344827586,39.4067796610169,-1640
3.81034482758621,39.4067796610169,-1665
3.82758620689655,39.4067796610169,-1680
3.8448275862069,39.4067796610169,-1704
3.86206896551724,39.4067796610169,-1705
3.87931034482759,39.4067796610169,-1711
3.89655172413793,39.4067796610169,-1728
3.91379310344828,39.4067796610169,-1748
3.93103448275862,39.4067796610169,-1758
3.94827586206897,39.4067796610169,-1745
3.96551724137931,39.4067796610169,-1717
3.98275862068966,39.4067796610169,-1705
4,39.4067796610169,-1725
3.5,39.3898305084746,-583
3.51724137931034,39.3898305084746,-719
3.53448275862069,39.3898305084746,-725
3.55172413793103,39.3898305084746,-858
3.56896551724138,39.3898305084746,-998
3.58620689655172,39.3898305084746,-1182
3.60344827586207,39.3898305084746,-1163
3.62068965517241,39.3898305084746,-1276
3.63793103448276,39.3898305084746,-1347
3.6551724137931,39.3898305084746,-1435
3.67241379310345,39.3898305084746,-1532
3.68965517241379,39.3898305084746,-1606
3.70689655172414,39.3898305084746,-1653
3.72413793103448,39.3898305084746,-1667
3.74137931034483,39.3898305084746,-1659
3.75862068965517,39.3898305084746,-1653
3.77586206896552,39.3898305084746,-1663
3.79310344827586,39.3898305084746,-1685
3.81034482758621,39.3898305084746,-1706
3.82758620689655,39.3898305084746,-1720
3.8448275862069,39.3898305084746,-1734
3.86206896551724,39.3898305084746,-1739
3.87931034482759,39.3898305084746,-1743
3.89655172413793,39.3898305084746,-1752
3.91379310344828,39.3898305084746,-1763
3.93103448275862,39.3898305084746,-1774
3.94827586206897,39.3898305084746,-1763
3.96551724137931,39.3898305084746,-1735
3.98275862068966,39.3898305084746,-1724
4,39.3898305084746,-1740
3.5,39.3728813559322,-669
3.51724137931034,39.3728813559322,-849
3.53448275862069,39.3728813559322,-820
3.55172413793103,39.3728813559322,-1122
3.56896551724138,39.3728813559322,-1153
3.58620689655172,39.3728813559322,-1275
3.60344827586207,39.3728813559322,-1299
3.62068965517241,39.3728813559322,-1364
3.63793103448276,39.3728813559322,-1386
3.6551724137931,39.3728813559322,-1456
3.67241379310345,39.3728813559322,-1508
3.68965517241379,39.3728813559322,-1553
3.70689655172414,39.3728813559322,-1593
3.72413793103448,39.3728813559322,-1642
3.74137931034483,39.3728813559322,-1687
3.75862068965517,39.3728813559322,-1709
3.77586206896552,39.3728813559322,-1727
3.79310344827586,39.3728813559322,-1729
3.81034482758621,39.3728813559322,-1729
3.82758620689655,39.3728813559322,-1733
3.8448275862069,39.3728813559322,-1752
3.86206896551724,39.3728813559322,-1764
3.87931034482759,39.3728813559322,-1775
3.89655172413793,39.3728813559322,-1775
3.91379310344828,39.3728813559322,-1787
3.93103448275862,39.3728813559322,-1798
3.94827586206897,39.3728813559322,-1785
3.96551724137931,39.3728813559322,-1755
3.98275862068966,39.3728813559322,-1745
4,39.3728813559322,-1760
3.5,39.3559322033898,-818
3.51724137931034,39.3559322033898,-931
3.53448275862069,39.3559322033898,-1022
3.55172413793103,39.3559322033898,-1226
3.56896551724138,39.3559322033898,-1298
3.58620689655172,39.3559322033898,-1350
3.60344827586207,39.3559322033898,-1379
3.62068965517241,39.3559322033898,-1419
3.63793103448276,39.3559322033898,-1440
3.6551724137931,39.3559322033898,-1498
3.67241379310345,39.3559322033898,-1525
3.68965517241379,39.3559322033898,-1566
3.70689655172414,39.3559322033898,-1580
3.72413793103448,39.3559322033898,-1609
3.74137931034483,39.3559322033898,-1674
3.75862068965517,39.3559322033898,-1729
3.77586206896552,39.3559322033898,-1760
3.79310344827586,39.3559322033898,-1762
3.81034482758621,39.3559322033898,-1757
3.82758620689655,39.3559322033898,-1763
3.8448275862069,39.3559322033898,-1771
3.86206896551724,39.3559322033898,-1781
3.87931034482759,39.3559322033898,-1790
3.89655172413793,39.3559322033898,-1798
3.91379310344828,39.3559322033898,-1812
3.93103448275862,39.3559322033898,-1823
3.94827586206897,39.3559322033898,-1802
3.96551724137931,39.3559322033898,-1758
3.98275862068966,39.3559322033898,-1757
4,39.3559322033898,-1792
3.5,39.3389830508475,-1045
3.51724137931034,39.3389830508475,-1112
3.53448275862069,39.3389830508475,-1212
3.55172413793103,39.3389830508475,-1308
3.56896551724138,39.3389830508475,-1357
3.58620689655172,39.3389830508475,-1378
3.60344827586207,39.3389830508475,-1453
3.62068965517241,39.3389830508475,-1533
3.63793103448276,39.3389830508475,-1534
3.6551724137931,39.3389830508475,-1557
3.67241379310345,39.3389830508475,-1569
3.68965517241379,39.3389830508475,-1580
3.70689655172414,39.3389830508475,-1606
3.72413793103448,39.3389830508475,-1648
3.74137931034483,39.3389830508475,-1686
3.75862068965517,39.3389830508475,-1718
3.77586206896552,39.3389830508475,-1760
3.79310344827586,39.3389830508475,-1775
3.81034482758621,39.3389830508475,-1791
3.82758620689655,39.3389830508475,-1793
3.8448275862069,39.3389830508475,-1792
3.86206896551724,39.3389830508475,-1795
3.87931034482759,39.3389830508475,-1804
3.89655172413793,39.3389830508475,-1811
3.91379310344828,39.3389830508475,-1830
3.93103448275862,39.3389830508475,-1842
3.94827586206897,39.3389830508475,-1806
3.96551724137931,39.3389830508475,-1744
3.98275862068966,39.3389830508475,-1750
4,39.3389830508475,-1806
3.5,39.3220338983051,-1192
3.51724137931034,39.3220338983051,-1228
3.53448275862069,39.3220338983051,-1247
3.55172413793103,39.3220338983051,-1319
3.56896551724138,39.3220338983051,-1366
3.58620689655172,39.3220338983051,-1492
3.60344827586207,39.3220338983051,-1522
3.62068965517241,39.3220338983051,-1572
3.63793103448276,39.3220338983051,-1578
3.6551724137931,39.3220338983051,-1592
3.67241379310345,39.3220338983051,-1601
3.68965517241379,39.3220338983051,-1630
3.70689655172414,39.3220338983051,-1652
3.72413793103448,39.3220338983051,-1685
3.74137931034483,39.3220338983051,-1723
3.75862068965517,39.3220338983051,-1744
3.77586206896552,39.3220338983051,-1765
3.79310344827586,39.3220338983051,-1784
3.81034482758621,39.3220338983051,-1802
3.82758620689655,39.3220338983051,-1812
3.8448275862069,39.3220338983051,-1816
3.86206896551724,39.3220338983051,-1817
3.87931034482759,39.3220338983051,-1819
3.89655172413793,39.3220338983051,-1827
3.91379310344828,39.3220338983051,-1847
3.93103448275862,39.3220338983051,-1855
3.94827586206897,39.3220338983051,-1814
3.96551724137931,39.3220338983051,-1725
3.98275862068966,39.3220338983051,-1729
4,39.3220338983051,-1793
3.5,39.3050847457627,-1230
3.51724137931034,39.3050847457627,-1380
3.53448275862069,39.3050847457627,-1390
3.55172413793103,39.3050847457627,-1406
3.56896551724138,39.3050847457627,-1462
3.58620689655172,39.3050847457627,-1498
3.60344827586207,39.3050847457627,-1510
3.62068965517241,39.3050847457627,-1555
3.63793103448276,39.3050847457627,-1593
3.6551724137931,39.3050847457627,-1644
3.67241379310345,39.3050847457627,-1670
3.68965517241379,39.3050847457627,-1694
3.70689655172414,39.3050847457627,-1706
3.72413793103448,39.3050847457627,-1712
3.74137931034483,39.3050847457627,-1736
3.75862068965517,39.3050847457627,-1752
3.77586206896552,39.3050847457627,-1777
3.79310344827586,39.3050847457627,-1789
3.81034482758621,39.3050847457627,-1811
3.82758620689655,39.3050847457627,-1825
3.8448275862069,39.3050847457627,-1848
3.86206896551724,39.3050847457627,-1851
3.87931034482759,39.3050847457627,-1850
3.89655172413793,39.3050847457627,-1857
3.91379310344828,39.3050847457627,-1878
3.93103448275862,39.3050847457627,-1870
3.94827586206897,39.3050847457627,-1810
3.96551724137931,39.3050847457627,-1732
3.98275862068966,39.3050847457627,-1733
4,39.3050847457627,-1787
3.5,39.2881355932203,-1341
3.51724137931034,39.2881355932203,-1405
3.53448275862069,39.2881355932203,-1480
3.55172413793103,39.2881355932203,-1566
3.56896551724138,39.2881355932203,-1526
3.58620689655172,39.2881355932203,-1558
3.60344827586207,39.2881355932203,-1540
3.62068965517241,39.2881355932203,-1534
3.63793103448276,39.2881355932203,-1551
3.6551724137931,39.2881355932203,-1632
3.67241379310345,39.2881355932203,-1675
3.68965517241379,39.2881355932203,-1723
3.70689655172414,39.2881355932203,-1752
3.72413793103448,39.2881355932203,-1779
3.74137931034483,39.2881355932203,-1797
3.75862068965517,39.2881355932203,-1815
3.77586206896552,39.2881355932203,-1832
3.79310344827586,39.2881355932203,-1836
3.81034482758621,39.2881355932203,-1836
3.82758620689655,39.2881355932203,-1844
3.8448275862069,39.2881355932203,-1870
3.86206896551724,39.2881355932203,-1882
3.87931034482759,39.2881355932203,-1896
3.89655172413793,39.2881355932203,-1903
3.91379310344828,39.2881355932203,-1911
3.93103448275862,39.2881355932203,-1889
3.94827586206897,39.2881355932203,-1830
3.96551724137931,39.2881355932203,-1753
3.98275862068966,39.2881355932203,-1750
4,39.2881355932203,-1801
3.5,39.271186440678,-1558
3.51724137931034,39.271186440678,-1472
3.53448275862069,39.271186440678,-1539
3.55172413793103,39.271186440678,-1680
3.56896551724138,39.271186440678,-1663
3.58620689655172,39.271186440678,-1593
3.60344827586207,39.271186440678,-1615
3.62068965517241,39.271186440678,-1606
3.63793103448276,39.271186440678,-1636
3.6551724137931,39.271186440678,-1661
3.67241379310345,39.271186440678,-1687
3.68965517241379,39.271186440678,-1709
3.70689655172414,39.271186440678,-1738
3.72413793103448,39.271186440678,-1780
3.74137931034483,39.271186440678,-1822
3.75862068965517,39.271186440678,-1834
3.77586206896552,39.271186440678,-1861
3.79310344827586,39.271186440678,-1879
3.81034482758621,39.271186440678,-1900
3.82758620689655,39.271186440678,-1906
3.8448275862069,39.271186440678,-1914
3.86206896551724,39.271186440678,-1919
3.87931034482759,39.271186440678,-1933
3.89655172413793,39.271186440678,-1942
3.91379310344828,39.271186440678,-1930
3.93103448275862,39.271186440678,-1889
3.94827586206897,39.271186440678,-1832
3.96551724137931,39.271186440678,-1777
3.98275862068966,39.271186440678,-1772
4,39.271186440678,-1809
3.5,39.2542372881356,-1623
3.51724137931034,39.2542372881356,-1576
3.53448275862069,39.2542372881356,-1533
3.55172413793103,39.2542372881356,-1601
3.56896551724138,39.2542372881356,-1702
3.58620689655172,39.2542372881356,-1648
3.60344827586207,39.2542372881356,-1716
3.62068965517241,39.2542372881356,-1735
3.63793103448276,39.2542372881356,-1733
3.6551724137931,39.2542372881356,-1740
3.67241379310345,39.2542372881356,-1753
3.68965517241379,39.2542372881356,-1756
3.70689655172414,39.2542372881356,-1760
3.72413793103448,39.2542372881356,-1790
3.74137931034483,39.2542372881356,-1842
3.75862068965517,39.2542372881356,-1850
3.77586206896552,39.2542372881356,-1860
3.79310344827586,39.2542372881356,-1877
3.81034482758621,39.2542372881356,-1911
3.82758620689655,39.2542372881356,-1928
3.8448275862069,39.2542372881356,-1945
3.86206896551724,39.2542372881356,-1951
3.87931034482759,39.2542372881356,-1960
3.89655172413793,39.2542372881356,-1963
3.91379310344828,39.2542372881356,-1939
3.93103448275862,39.2542372881356,-1888
3.94827586206897,39.2542372881356,-1838
3.96551724137931,39.2542372881356,-1794
3.98275862068966,39.2542372881356,-1790
4,39.2542372881356,-1824
3.5,39.2372881355932,-1670
3.51724137931034,39.2372881355932,-1672
3.53448275862069,39.2372881355932,-1589
3.55172413793103,39.2372881355932,-1629
3.56896551724138,39.2372881355932,-1739
3.58620689655172,39.2372881355932,-1723
3.60344827586207,39.2372881355932,-1754
3.62068965517241,39.2372881355932,-1810
3.63793103448276,39.2372881355932,-1793
3.6551724137931,39.2372881355932,-1807
3.67241379310345,39.2372881355932,-1826
3.68965517241379,39.2372881355932,-1824
3.70689655172414,39.2372881355932,-1827
3.72413793103448,39.2372881355932,-1838
3.74137931034483,39.2372881355932,-1879
3.75862068965517,39.2372881355932,-1894
3.77586206896552,39.2372881355932,-1886
3.79310344827586,39.2372881355932,-1884
3.81034482758621,39.2372881355932,-1901
3.82758620689655,39.2372881355932,-1916
3.8448275862069,39.2372881355932,-1946
3.86206896551724,39.2372881355932,-1962
3.87931034482759,39.2372881355932,-1980
3.89655172413793,39.2372881355932,-1979
3.91379310344828,39.2372881355932,-1945
3.93103448275862,39.2372881355932,-1898
3.94827586206897,39.2372881355932,-1841
3.96551724137931,39.2372881355932,-1786
3.98275862068966,39.2372881355932,-1790
4,39.2372881355932,-1839
3.5,39.2203389830508,-1614
3.51724137931034,39.2203389830508,-1828
3.53448275862069,39.2203389830508,-1697
3.55172413793103,39.2203389830508,-1712
3.56896551724138,39.2203389830508,-1790
3.58620689655172,39.2203389830508,-1773
3.60344827586207,39.2203389830508,-1781
3.62068965517241,39.2203389830508,-1853
3.63793103448276,39.2203389830508,-1884
3.6551724137931,39.2203389830508,-1893
3.67241379310345,39.2203389830508,-1880
3.68965517241379,39.2203389830508,-1879
3.70689655172414,39.2203389830508,-1878
3.72413793103448,39.2203389830508,-1884
3.74137931034483,39.2203389830508,-1908
3.75862068965517,39.2203389830508,-1931
3.77586206896552,39.2203389830508,-1943
3.79310344827586,39.2203389830508,-1940
3.81034482758621,39.2203389830508,-1936
3.82758620689655,39.2203389830508,-1940
3.8448275862069,39.2203389830508,-1951
3.86206896551724,39.2203389830508,-1971
3.87931034482759,39.2203389830508,-1994
3.89655172413793,39.2203389830508,-1986
3.91379310344828,39.2203389830508,-1952
3.93103448275862,39.2203389830508,-1905
3.94827586206897,39.2203389830508,-1841
3.96551724137931,39.2203389830508,-1770
3.98275862068966,39.2203389830508,-1771
4,39.2203389830508,-1821
3.5,39.2033898305085,-1644
3.51724137931034,39.2033898305085,-1858
3.53448275862069,39.2033898305085,-1776
3.55172413793103,39.2033898305085,-1781
3.56896551724138,39.2033898305085,-1888
3.58620689655172,39.2033898305085,-1879
3.60344827586207,39.2033898305085,-1881
3.62068965517241,39.2033898305085,-1903
3.63793103448276,39.2033898305085,-1927
3.6551724137931,39.2033898305085,-1941
3.67241379310345,39.2033898305085,-1930
3.68965517241379,39.2033898305085,-1936
3.70689655172414,39.2033898305085,-1930
3.72413793103448,39.2033898305085,-1914
3.74137931034483,39.2033898305085,-1937
3.75862068965517,39.2033898305085,-1954
3.77586206896552,39.2033898305085,-1979
3.79310344827586,39.2033898305085,-1982
3.81034482758621,39.2033898305085,-1959
3.82758620689655,39.2033898305085,-1957
3.8448275862069,39.2033898305085,-1988
3.86206896551724,39.2033898305085,-2003
3.87931034482759,39.2033898305085,-2012
3.89655172413793,39.2033898305085,-2006
3.91379310344828,39.2033898305085,-1970
3.93103448275862,39.2033898305085,-1926
3.94827586206897,39.2033898305085,-1860
3.96551724137931,39.2033898305085,-1798
3.98275862068966,39.2033898305085,-1791
4,39.2033898305085,-1818
3.5,39.1864406779661,-1756
3.51724137931034,39.1864406779661,-1967
3.53448275862069,39.1864406779661,-1857
3.55172413793103,39.1864406779661,-1881
3.56896551724138,39.1864406779661,-1915
3.58620689655172,39.1864406779661,-1995
3.60344827586207,39.1864406779661,-1990
3.62068965517241,39.1864406779661,-1995
3.63793103448276,39.1864406779661,-1998
3.6551724137931,39.1864406779661,-1994
3.67241379310345,39.1864406779661,-1987
3.68965517241379,39.1864406779661,-1989
3.70689655172414,39.1864406779661,-1984
3.72413793103448,39.1864406779661,-1972
3.74137931034483,39.1864406779661,-1991
3.75862068965517,39.1864406779661,-2011
3.77586206896552,39.1864406779661,-2033
3.79310344827586,39.1864406779661,-2033
3.81034482758621,39.1864406779661,-2004
3.82758620689655,39.1864406779661,-2008
3.8448275862069,39.1864406779661,-2049
3.86206896551724,39.1864406779661,-2059
3.87931034482759,39.1864406779661,-2054
3.89655172413793,39.1864406779661,-2040
3.91379310344828,39.1864406779661,-1986
3.93103448275862,39.1864406779661,-1944
3.94827586206897,39.1864406779661,-1903
3.96551724137931,39.1864406779661,-1858
3.98275862068966,39.1864406779661,-1843
4,39.1864406779661,-1847
3.5,39.1694915254237,-1814
3.51724137931034,39.1694915254237,-1939
3.53448275862069,39.1694915254237,-2013
3.55172413793103,39.1694915254237,-2008
3.56896551724138,39.1694915254237,-1990
3.58620689655172,39.1694915254237,-2013
3.60344827586207,39.1694915254237,-2039
3.62068965517241,39.1694915254237,-2062
3.63793103448276,39.1694915254237,-2059
3.6551724137931,39.1694915254237,-2046
3.67241379310345,39.1694915254237,-2040
3.68965517241379,39.1694915254237,-2037
3.70689655172414,39.1694915254237,-2031
3.72413793103448,39.1694915254237,-2019
3.74137931034483,39.1694915254237,-2032
3.75862068965517,39.1694915254237,-2031
3.77586206896552,39.1694915254237,-2032
3.79310344827586,39.1694915254237,-2028
3.81034482758621,39.1694915254237,-1996
3.82758620689655,39.1694915254237,-2004
3.8448275862069,39.1694915254237,-2062
3.86206896551724,39.1694915254237,-2074
3.87931034482759,39.1694915254237,-2056
3.89655172413793,39.1694915254237,-2033
3.91379310344828,39.1694915254237,-1975
3.93103448275862,39.1694915254237,-1929
3.94827586206897,39.1694915254237,-1884
3.96551724137931,39.1694915254237,-1850
3.98275862068966,39.1694915254237,-1857
4,39.1694915254237,-1876
3.5,39.1525423728814,-1868
3.51724137931034,39.1525423728814,-1935
3.53448275862069,39.1525423728814,-1996
3.55172413793103,39.1525423728814,-2055
3.56896551724138,39.1525423728814,-2070
3.58620689655172,39.1525423728814,-2044
3.60344827586207,39.1525423728814,-2047
3.62068965517241,39.1525423728814,-2082
3.63793103448276,39.1525423728814,-2095
3.6551724137931,39.1525423728814,-2093
3.67241379310345,39.1525423728814,-2079
3.68965517241379,39.1525423728814,-2073
3.70689655172414,39.1525423728814,-2067
3.72413793103448,39.1525423728814,-2062
3.74137931034483,39.1525423728814,-2056
3.75862068965517,39.1525423728814,-2049
3.77586206896552,39.1525423728814,-2042
3.79310344827586,39.1525423728814,-2039
3.81034482758621,39.1525423728814,-2028
3.82758620689655,39.1525423728814,-2043
3.8448275862069,39.1525423728814,-2091
3.86206896551724,39.1525423728814,-2092
3.87931034482759,39.1525423728814,-2055
3.89655172413793,39.1525423728814,-2019
3.91379310344828,39.1525423728814,-1962
3.93103448275862,39.1525423728814,-1912
3.94827586206897,39.1525423728814,-1859
3.96551724137931,39.1525423728814,-1846
3.98275862068966,39.1525423728814,-1870
4,39.1525423728814,-1905
3.5,39.135593220339,-1920
3.51724137931034,39.135593220339,-2034
3.53448275862069,39.135593220339,-2079
3.55172413793103,39.135593220339,-2079
3.56896551724138,39.135593220339,-2108
3.58620689655172,39.135593220339,-2115
3.60344827586207,39.135593220339,-2098
3.62068965517241,39.135593220339,-2101
3.63793103448276,39.135593220339,-2125
3.6551724137931,39.135593220339,-2129
3.67241379310345,39.135593220339,-2113
3.68965517241379,39.135593220339,-2101
3.70689655172414,39.135593220339,-2096
3.72413793103448,39.135593220339,-2096
3.74137931034483,39.135593220339,-2087
3.75862068965517,39.135593220339,-2078
3.77586206896552,39.135593220339,-2066
3.79310344827586,39.135593220339,-2063
3.81034482758621,39.135593220339,-2073
3.82758620689655,39.135593220339,-2088
3.8448275862069,39.135593220339,-2110
3.86206896551724,39.135593220339,-2098
3.87931034482759,39.135593220339,-2050
3.89655172413793,39.135593220339,-2016
3.91379310344828,39.135593220339,-1951
3.93103448275862,39.135593220339,-1885
3.94827586206897,39.135593220339,-1846
3.96551724137931,39.135593220339,-1866
3.98275862068966,39.135593220339,-1889
4,39.135593220339,-1921
3.5,39.1186440677966,-2042
3.51724137931034,39.1186440677966,-2065
3.53448275862069,39.1186440677966,-2106
3.55172413793103,39.1186440677966,-2144
3.56896551724138,39.1186440677966,-2135
3.58620689655172,39.1186440677966,-2174
3.60344827586207,39.1186440677966,-2156
3.62068965517241,39.1186440677966,-2141
3.63793103448276,39.1186440677966,-2151
3.6551724137931,39.1186440677966,-2161
3.67241379310345,39.1186440677966,-2152
3.68965517241379,39.1186440677966,-2134
3.70689655172414,39.1186440677966,-2125
3.72413793103448,39.1186440677966,-2126
3.74137931034483,39.1186440677966,-2116
3.75862068965517,39.1186440677966,-2105
3.77586206896552,39.1186440677966,-2090
3.79310344827586,39.1186440677966,-2091
3.81034482758621,39.1186440677966,-2117
3.82758620689655,39.1186440677966,-2127
3.8448275862069,39.1186440677966,-2120
3.86206896551724,39.1186440677966,-2096
3.87931034482759,39.1186440677966,-2048
3.89655172413793,39.1186440677966,-2016
3.91379310344828,39.1186440677966,-1963
3.93103448275862,39.1186440677966,-1881
3.94827586206897,39.1186440677966,-1849
3.96551724137931,39.1186440677966,-1886
3.98275862068966,39.1186440677966,-1909
4,39.1186440677966,-1930
3.5,39.1016949152542,-2163
3.51724137931034,39.1016949152542,-2153
3.53448275862069,39.1016949152542,-2125
3.55172413793103,39.1016949152542,-2162
3.56896551724138,39.1016949152542,-2170
3.58620689655172,39.1016949152542,-2195
3.60344827586207,39.1016949152542,-2191
3.62068965517241,39.1016949152542,-2177
3.63793103448276,39.1016949152542,-2177
3.6551724137931,39.1016949152542,-2189
3.67241379310345,39.1016949152542,-2189
3.68965517241379,39.1016949152542,-2162
3.70689655172414,39.1016949152542,-2147
3.72413793103448,39.1016949152542,-2150
3.74137931034483,39.1016949152542,-2138
3.75862068965517,39.1016949152542,-2132
3.77586206896552,39.1016949152542,-2132
3.79310344827586,39.1016949152542,-2141
3.81034482758621,39.1016949152542,-2162
3.82758620689655,39.1016949152542,-2163
3.8448275862069,39.1016949152542,-2121
3.86206896551724,39.1016949152542,-2090
3.87931034482759,39.1016949152542,-1984
3.89655172413793,39.1016949152542,-1965
3.91379310344828,39.1016949152542,-1952
3.93103448275862,39.1016949152542,-1912
3.94827586206897,39.1016949152542,-1849
3.96551724137931,39.1016949152542,-1876
3.98275862068966,39.1016949152542,-1902
4,39.1016949152542,-1930
3.5,39.0847457627119,-2239
3.51724137931034,39.0847457627119,-2220
3.53448275862069,39.0847457627119,-2196
3.55172413793103,39.0847457627119,-2179
3.56896551724138,39.0847457627119,-2198
3.58620689655172,39.0847457627119,-2241
3.60344827586207,39.0847457627119,-2236
3.62068965517241,39.0847457627119,-2219
3.63793103448276,39.0847457627119,-2218
3.6551724137931,39.0847457627119,-2227
3.67241379310345,39.0847457627119,-2228
3.68965517241379,39.0847457627119,-2202
3.70689655172414,39.0847457627119,-2198
3.72413793103448,39.0847457627119,-2193
3.74137931034483,39.0847457627119,-2196
3.75862068965517,39.0847457627119,-2192
3.77586206896552,39.0847457627119,-2204
3.79310344827586,39.0847457627119,-2201
3.81034482758621,39.0847457627119,-2179
3.82758620689655,39.0847457627119,-2135
3.8448275862069,39.0847457627119,-2050
3.86206896551724,39.0847457627119,-2012
3.87931034482759,39.0847457627119,-1939
3.89655172413793,39.0847457627119,-1932
3.91379310344828,39.0847457627119,-1916
3.93103448275862,39.0847457627119,-1892
3.94827586206897,39.0847457627119,-1871
3.96551724137931,39.0847457627119,-1854
3.98275862068966,39.0847457627119,-1869
4,39.0847457627119,-1913
3.5,39.0677966101695,-2265
3.51724137931034,39.0677966101695,-2257
3.53448275862069,39.0677966101695,-2248
3.55172413793103,39.0677966101695,-2236
3.56896551724138,39.0677966101695,-2236
3.58620689655172,39.0677966101695,-2271
3.60344827586207,39.0677966101695,-2270
3.62068965517241,39.0677966101695,-2262
3.63793103448276,39.0677966101695,-2266
3.6551724137931,39.0677966101695,-2279
3.67241379310345,39.0677966101695,-2283
3.68965517241379,39.0677966101695,-2272
3.70689655172414,39.0677966101695,-2264
3.72413793103448,39.0677966101695,-2263
3.74137931034483,39.0677966101695,-2257
3.75862068965517,39.0677966101695,-2241
3.77586206896552,39.0677966101695,-2215
3.79310344827586,39.0677966101695,-2181
3.81034482758621,39.0677966101695,-2073
3.82758620689655,39.0677966101695,-1998
3.8448275862069,39.0677966101695,-1977
3.86206896551724,39.0677966101695,-1984
3.87931034482759,39.0677966101695,-2006
3.89655172413793,39.0677966101695,-2002
3.91379310344828,39.0677966101695,-1981
3.93103448275862,39.0677966101695,-1959
3.94827586206897,39.0677966101695,-1933
3.96551724137931,39.0677966101695,-1912
3.98275862068966,39.0677966101695,-1892
4,39.0677966101695,-1896
3.5,39.0508474576271,-2297
3.51724137931034,39.0508474576271,-2302
3.53448275862069,39.0508474576271,-2298
3.55172413793103,39.0508474576271,-2282
3.56896551724138,39.0508474576271,-2277
3.58620689655172,39.0508474576271,-2287
3.60344827586207,39.0508474576271,-2300
3.62068965517241,39.0508474576271,-2310
3.63793103448276,39.0508474576271,-2308
3.6551724137931,39.0508474576271,-2307
3.67241379310345,39.0508474576271,-2307
3.68965517241379,39.0508474576271,-2281
3.70689655172414,39.0508474576271,-2261
3.72413793103448,39.0508474576271,-2242
3.74137931034483,39.0508474576271,-2207
3.75862068965517,39.0508474576271,-2156
3.77586206896552,39.0508474576271,-2059
3.79310344827586,39.0508474576271,-2033
3.81034482758621,39.0508474576271,-1997
3.82758620689655,39.0508474576271,-2001
3.8448275862069,39.0508474576271,-2028
3.86206896551724,39.0508474576271,-2035
3.87931034482759,39.0508474576271,-2028
3.89655172413793,39.0508474576271,-2021
3.91379310344828,39.0508474576271,-2009
3.93103448275862,39.0508474576271,-1998
3.94827586206897,39.0508474576271,-1990
3.96551724137931,39.0508474576271,-1980
3.98275862068966,39.0508474576271,-1953
4,39.0508474576271,-1906
3.5,39.0338983050847,-2334
3.51724137931034,39.0338983050847,-2323
3.53448275862069,39.0338983050847,-2314
3.55172413793103,39.0338983050847,-2316
3.56896551724138,39.0338983050847,-2321
3.58620689655172,39.0338983050847,-2327
3.60344827586207,39.0338983050847,-2334
3.62068965517241,39.0338983050847,-2329
3.63793103448276,39.0338983050847,-2317
3.6551724137931,39.0338983050847,-2299
3.67241379310345,39.0338983050847,-2283
3.68965517241379,39.0338983050847,-2246
3.70689655172414,39.0338983050847,-2201
3.72413793103448,39.0338983050847,-2162
3.74137931034483,39.0338983050847,-2120
3.75862068965517,39.0338983050847,-2075
3.77586206896552,39.0338983050847,-2038
3.79310344827586,39.0338983050847,-2034
3.81034482758621,39.0338983050847,-2033
3.82758620689655,39.0338983050847,-2033
3.8448275862069,39.0338983050847,-2033
3.86206896551724,39.0338983050847,-2037
3.87931034482759,39.0338983050847,-2040
3.89655172413793,39.0338983050847,-2033
3.91379310344828,39.0338983050847,-2021
3.93103448275862,39.0338983050847,-2022
3.94827586206897,39.0338983050847,-2018
3.96551724137931,39.0338983050847,-2004
3.98275862068966,39.0338983050847,-1992
4,39.0338983050847,-1953
3.5,39.0169491525424,-2347
3.51724137931034,39.0169491525424,-2341
3.53448275862069,39.0169491525424,-2340
3.55172413793103,39.0169491525424,-2349
3.56896551724138,39.0169491525424,-2350
3.58620689655172,39.0169491525424,-2346
3.60344827586207,39.0169491525424,-2339
3.62068965517241,39.0169491525424,-2314
3.63793103448276,39.0169491525424,-2294
3.6551724137931,39.0169491525424,-2257
3.67241379310345,39.0169491525424,-2231
3.68965517241379,39.0169491525424,-2206
3.70689655172414,39.0169491525424,-2178
3.72413793103448,39.0169491525424,-2159
3.74137931034483,39.0169491525424,-2134
3.75862068965517,39.0169491525424,-2132
3.77586206896552,39.0169491525424,-2106
3.79310344827586,39.0169491525424,-2090
3.81034482758621,39.0169491525424,-2071
3.82758620689655,39.0169491525424,-2064
3.8448275862069,39.0169491525424,-2050
3.86206896551724,39.0169491525424,-2050
3.87931034482759,39.0169491525424,-2051
3.89655172413793,39.0169491525424,-2046
3.91379310344828,39.0169491525424,-2041
3.93103448275862,39.0169491525424,-2040
3.94827586206897,39.0169491525424,-2037
3.96551724137931,39.0169491525424,-2030
3.98275862068966,39.0169491525424,-2015
4,39.0169491525424,-1984
3.5,39,-2363
3.51724137931034,39,-2364
3.53448275862069,39,-2365
3.55172413793103,39,-2363
3.56896551724138,39,-2359
3.58620689655172,39,-2338
3.60344827586207,39,-2326
3.62068965517241,39,-2298
3.63793103448276,39,-2280
3.6551724137931,39,-2254
3.67241379310345,39,-2243
3.68965517241379,39,-2243
3.70689655172414,39,-2242
3.72413793103448,39,-2228
3.74137931034483,39,-2191
3.75862068965517,39,-2175
3.77586206896552,39,-2143
3.79310344827586,39,-2125
3.81034482758621,39,-2097
3.82758620689655,39,-2087
3.8448275862069,39,-2077
3.86206896551724,39,-2073
3.87931034482759,39,-2067
3.89655172413793,39,-2065
3.91379310344828,39,-2064
3.93103448275862,39,-2071
3.94827586206897,39,-2071
3.96551724137931,39,-2057
3.98275862068966,39,-2046
4,39,-2013
